taxon,lineage,conflict,ambiguity_score,scorpio_call,scorpio_support,scorpio_conflict,version,pangolin_version,pangoLEARN_version,pango_version,status,note
MN908947.3,B,0.0,0.9926503340757238,,,,PLEARN-v1.2.101,3.1.16,2021-11-25,v1.2.101,passed_qc,
hCoV-19/USA/FL-BPHL-0771/2020|EPI_ISL_512576|2020-06-29|NorthAmerica,B.1.110.3,0.0,0.9355142386443869,,,,PLEARN-v1.2.101,3.1.16,2021-11-25,v1.2.101,passed_qc,
hCoV-19/USA/FL-BPHL-0767/2020|EPI_ISL_512572|2020-06-29|NorthAmerica,B.1.369,0.0,0.9926503340757238,,,,PLEARN-v1.2.101,3.1.16,2021-11-25,v1.2.101,passed_qc,
hCoV-19/USA/FL-BPHL-1488/2020|EPI_ISL_549270|2020-06-30|NorthAmerica,B.1.509,0.0,0.9517960602549247,,,,PLEARN-v1.2.101,3.1.16,2021-11-25,v1.2.101,passed_qc,
hCoV-19/USA/FL-BPHL-0846/2020|EPI_ISL_514192|2020-06-22|NorthAmerica,B.1.1.180,0.0,0.9819941480981319,,,,PLEARN-v1.2.101,3.1.16,2021-11-25,v1.2.101,passed_qc,
hCoV-19/USA/FL-BPHL-0312/2020|EPI_ISL_489721|2020-06-02|NorthAmerica,N.1,0.0,0.9822232223222322,,,,PLEARN-v1.2.101,3.1.16,2021-11-25,v1.2.101,passed_qc,
hCoV-19/USA/FL-TGH-0104/2020|EPI_ISL_1379509|2020-06-16|NorthAmerica,B.1.509,0.0,0.9892737430167597,,,,PLEARN-v1.2.101,3.1.16,2021-11-25,v1.2.101,passed_qc,
hCoV-19/USA/FL-BPHL-1625/2020|EPI_ISL_594315|2020-06-04|NorthAmerica,B.1.609,0.0,0.990627092166927,,,,PLEARN-v1.2.101,3.1.16,2021-11-25,v1.2.101,passed_qc,
hCoV-19/USA/FL-BPHL-0835/2020|EPI_ISL_514181|2020-06-20|NorthAmerica,B.1.509,0.0,0.9867831541218638,,,,PLEARN-v1.2.101,3.1.16,2021-11-25,v1.2.101,passed_qc,
hCoV-19/USA/FL-BPHL-1245/2020|EPI_ISL_541338|2020-06-02|NorthAmerica,B.1.110.3,0.0,0.9926503340757238,,,,PLEARN-v1.2.101,3.1.16,2021-11-25,v1.2.101,passed_qc,
hCoV-19/USA/FL-BPHL-3023/2020|EPI_ISL_1097347|2020-06-09|NorthAmerica,B.1.332,0.0,0.9127403846153846,,,,PLEARN-v1.2.101,3.1.16,2021-11-25,v1.2.101,passed_qc,
hCoV-19/USA/FL-BPHL-0769/2020|EPI_ISL_512574|2020-06-29|NorthAmerica,B.1.1.180,0.0,0.9796977216332055,,,,PLEARN-v1.2.101,3.1.16,2021-11-25,v1.2.101,passed_qc,
hCoV-19/USA/FL-BPHL-0859/2020|EPI_ISL_514205|2020-06-29|NorthAmerica,B.1.595,0.0,0.9926503340757238,,,,PLEARN-v1.2.101,3.1.16,2021-11-25,v1.2.101,passed_qc,
hCoV-19/USA/FL-UW-473/2020|EPI_ISL_484848|2020-06-09|NorthAmerica,B.1.162,0.0,0.9926503340757238,,,,PLEARN-v1.2.101,3.1.16,2021-11-25,v1.2.101,passed_qc,
hCoV-19/USA/FL-BPHL-0774/2020|EPI_ISL_512578|2020-06-29|NorthAmerica,B.1.509,0.0,0.9926503340757238,,,,PLEARN-v1.2.101,3.1.16,2021-11-25,v1.2.101,passed_qc,
hCoV-19/USA/FL-BPHL-0517/2020|EPI_ISL_508720|2020-06-16|NorthAmerica,B.1.595.1,0.0,0.9922014260249554,,,,PLEARN-v1.2.101,3.1.16,2021-11-25,v1.2.101,passed_qc,
hCoV-19/USA/FL-BPHL-0514/2020|EPI_ISL_508717|2020-06-12|NorthAmerica,B.1.1.180,0.0,0.9926503340757238,,,,PLEARN-v1.2.101,3.1.16,2021-11-25,v1.2.101,passed_qc,
hCoV-19/USA/FL-BPHL-0526/2020|EPI_ISL_508729|2020-06-19|NorthAmerica,N.1,0.0,0.9922014260249554,,,,PLEARN-v1.2.101,3.1.16,2021-11-25,v1.2.101,passed_qc,
hCoV-19/USA/FL-BPHL-2049/2020|EPI_ISL_653202|2020-06-27|NorthAmerica,B.1,0.0,0.9808472284812979,,,,PLEARN-v1.2.101,3.1.16,2021-11-25,v1.2.101,passed_qc,
hCoV-19/USA/FL-BPHL-2047/2020|EPI_ISL_653200|2020-06-23|NorthAmerica,B.1.437,0.0,0.9926503340757238,,,,PLEARN-v1.2.101,3.1.16,2021-11-25,v1.2.101,passed_qc,
hCoV-19/USA/FL-BPHL-0831/2020|EPI_ISL_514177|2020-06-19|NorthAmerica,B.1.509,0.0,0.9926503340757238,,,,PLEARN-v1.2.101,3.1.16,2021-11-25,v1.2.101,passed_qc,
hCoV-19/USA/FL-BPHL-0747/2020|EPI_ISL_512553|2020-06-20|NorthAmerica,B.1.1.180,0.0,0.9656986050766064,,,,PLEARN-v1.2.101,3.1.16,2021-11-25,v1.2.101,passed_qc,
hCoV-19/USA/FL-BPHL-0310/2020|EPI_ISL_489719|2020-06-01|NorthAmerica,B.1,0.0,0.9568726937269373,,,,PLEARN-v1.2.101,3.1.16,2021-11-25,v1.2.101,passed_qc,
hCoV-19/USA/FL-BPHL-2055/2020|EPI_ISL_653208|2020-06-29|NorthAmerica,B.1.509,0.0,0.9554272517321016,,,,PLEARN-v1.2.101,3.1.16,2021-11-25,v1.2.101,passed_qc,
hCoV-19/USA/FL-BPHL-0760/2020|EPI_ISL_512676|2020-06-27|NorthAmerica,B.1.110.3,0.0,0.9879167599015439,,,,PLEARN-v1.2.101,3.1.16,2021-11-25,v1.2.101,passed_qc,
hCoV-19/USA/FL-BPHL-0520/2020|EPI_ISL_508723|2020-06-16|NorthAmerica,B.1.1.180,0.0,0.9926503340757238,,,,PLEARN-v1.2.101,3.1.16,2021-11-25,v1.2.101,passed_qc,
hCoV-19/USA/FL-BPHL-1597/2020|EPI_ISL_594287|2020-06-05|NorthAmerica,B.1.110.3,0.0,0.9407494145199063,,,,PLEARN-v1.2.101,3.1.16,2021-11-25,v1.2.101,passed_qc,
hCoV-19/USA/FL-AG7J/2020|EPI_ISL_513285|2020-06-30|NorthAmerica,B.1,0.0,0.9926503340757238,,,,PLEARN-v1.2.101,3.1.16,2021-11-25,v1.2.101,passed_qc,
hCoV-19/USA/FL-UW-671/2020|EPI_ISL_491305|2020-06-28|NorthAmerica,B.1.139,0.0,0.9926503340757238,,,,PLEARN-v1.2.101,3.1.16,2021-11-25,v1.2.101,passed_qc,
hCoV-19/USA/FL-BPHL-2066/2020|EPI_ISL_653219|2020-06-29|NorthAmerica,B.1.437,0.0,0.989047831917747,,,,PLEARN-v1.2.101,3.1.16,2021-11-25,v1.2.101,passed_qc,
hCoV-19/USA/FL-BPHL-1487/2020|EPI_ISL_549269|2020-06-30|NorthAmerica,B.1,0.0,0.9926503340757238,,,,PLEARN-v1.2.101,3.1.16,2021-11-25,v1.2.101,passed_qc,
hCoV-19/USA/FL-BPHL-0851/2020|EPI_ISL_514197|2020-06-27|NorthAmerica,B.1.595.1,0.0,0.9926503340757238,,,,PLEARN-v1.2.101,3.1.16,2021-11-25,v1.2.101,passed_qc,
hCoV-19/USA/FL-BPHL-0522/2020|EPI_ISL_508725|2020-06-18|NorthAmerica,B.1.1,0.0,0.9926503340757238,,,,PLEARN-v1.2.101,3.1.16,2021-11-25,v1.2.101,passed_qc,
hCoV-19/USA/FL-BPHL-0523/2020|EPI_ISL_508726|2020-06-19|NorthAmerica,N.1,0.0,0.9926503340757238,,,,PLEARN-v1.2.101,3.1.16,2021-11-25,v1.2.101,passed_qc,
hCoV-19/USA/FL-BPHL-1639/2020|EPI_ISL_594328|2020-06-29|NorthAmerica,B.1.306,0.0,0.9595123073383943,,,,PLEARN-v1.2.101,3.1.16,2021-11-25,v1.2.101,passed_qc,
hCoV-19/USA/FL-BPHL-2062/2020|EPI_ISL_653215|2020-06-15|NorthAmerica,B.1.110.3,0.0,0.9926503340757238,,,,PLEARN-v1.2.101,3.1.16,2021-11-25,v1.2.101,passed_qc,
hCoV-19/USA/FL-BPHL-1261/2020|EPI_ISL_541168|2020-06-04|NorthAmerica,B.1.595,0.0,0.9904017857142857,,,,PLEARN-v1.2.101,3.1.16,2021-11-25,v1.2.101,passed_qc,
hCoV-19/USA/FL-BPHL-0525/2020|EPI_ISL_508728|2020-06-19|NorthAmerica,N.1,0.0,0.943717888836992,,,,PLEARN-v1.2.101,3.1.16,2021-11-25,v1.2.101,passed_qc,
hCoV-19/USA/FL-BPHL-1640/2020|EPI_ISL_594329|2020-06-29|NorthAmerica,B.1,0.0,0.9474051663951594,,,,PLEARN-v1.2.101,3.1.16,2021-11-25,v1.2.101,passed_qc,
hCoV-19/USA/FL-BPHL-0863/2020|EPI_ISL_514209|2020-06-29|NorthAmerica,N.1,0.0,0.9801578354002255,,,,PLEARN-v1.2.101,3.1.16,2021-11-25,v1.2.101,passed_qc,
hCoV-19/USA/FL-BPHL-0900/2020|EPI_ISL_517790|2020-06-12|NorthAmerica,B.1.1.244,0.0,0.9926503340757238,,,,PLEARN-v1.2.101,3.1.16,2021-11-25,v1.2.101,passed_qc,
hCoV-19/USA/FL-BPHL-0503/2020|EPI_ISL_495409|2020-06-03|NorthAmerica,B.1,0.0,0.9926503340757238,,,,PLEARN-v1.2.101,3.1.16,2021-11-25,v1.2.101,passed_qc,
hCoV-19/USA/FL-BPHL-2013/2020|EPI_ISL_653166|2020-06-19|NorthAmerica,B.1.595.1,0.0,0.9926503340757238,,,,PLEARN-v1.2.101,3.1.16,2021-11-25,v1.2.101,passed_qc,
hCoV-19/USA/FL-BPHL-0555/2020|EPI_ISL_508758|2020-06-30|NorthAmerica,B.1,0.0,0.9926503340757238,,,,PLEARN-v1.2.101,3.1.16,2021-11-25,v1.2.101,passed_qc,
hCoV-19/USA/FL-BPHL-0843/2020|EPI_ISL_514189|2020-06-22|NorthAmerica,B.1.318,0.0,0.9926503340757238,,,,PLEARN-v1.2.101,3.1.16,2021-11-25,v1.2.101,passed_qc,
hCoV-19/USA/FL-BPHL-1243/2020|EPI_ISL_541166|2020-06-01|NorthAmerica,B.1,0.0,0.9427302477793361,,,,PLEARN-v1.2.101,3.1.16,2021-11-25,v1.2.101,passed_qc,
hCoV-19/USA/FL-BPHL-1485/2020|EPI_ISL_549267|2020-06-28|NorthAmerica,B.1,0.0,0.9926503340757238,,,,PLEARN-v1.2.101,3.1.16,2021-11-25,v1.2.101,passed_qc,
hCoV-19/USA/FL-AFQQ/2020|EPI_ISL_513284|2020-06-29|NorthAmerica,B.1.306,0.0,0.9926503340757238,,,,PLEARN-v1.2.101,3.1.16,2021-11-25,v1.2.101,passed_qc,
hCoV-19/USA/FL-BPHL-0499/2020|EPI_ISL_495405|2020-06-03|NorthAmerica,B.1,0.0,0.9861017709033849,,,,PLEARN-v1.2.101,3.1.16,2021-11-25,v1.2.101,passed_qc,
hCoV-19/USA/FL-BPHL-2061/2020|EPI_ISL_653214|2020-06-11|NorthAmerica,B.1,0.0,0.9926503340757238,,,,PLEARN-v1.2.101,3.1.16,2021-11-25,v1.2.101,passed_qc,
hCoV-19/USA/FL-BPHL-2010/2020|EPI_ISL_653163|2020-06-12|NorthAmerica,B.1.1.77,0.0,0.99017637865595,,,,PLEARN-v1.2.101,3.1.16,2021-11-25,v1.2.101,passed_qc,
hCoV-19/USA/FL-BPHL-1238/2020|EPI_ISL_541161|2020-06-01|NorthAmerica,B.1,0.0,0.983823859806785,,,,PLEARN-v1.2.101,3.1.16,2021-11-25,v1.2.101,passed_qc,
hCoV-19/USA/FL-BPHL-0533/2020|EPI_ISL_508736|2020-06-19|NorthAmerica,B.1.1.180,0.0,0.9926503340757238,,,,PLEARN-v1.2.101,3.1.16,2021-11-25,v1.2.101,passed_qc,
hCoV-19/USA/FL-BPHL-0829/2020|EPI_ISL_514175|2020-06-15|NorthAmerica,N.1,0.0,0.9551859551859552,,,,PLEARN-v1.2.101,3.1.16,2021-11-25,v1.2.101,passed_qc,
hCoV-19/USA/FL-UW-741/2020|EPI_ISL_491306|2020-06-30|NorthAmerica,B.1.595,0.0,0.9926503340757238,,,,PLEARN-v1.2.101,3.1.16,2021-11-25,v1.2.101,passed_qc,
hCoV-19/USA/FL-BPHL-0903/2020|EPI_ISL_517793|2020-06-23|NorthAmerica,B.1.306,0.0,0.9680584074834588,,,,PLEARN-v1.2.101,3.1.16,2021-11-25,v1.2.101,passed_qc,
hCoV-19/USA/FL-BPHL-0901/2020|EPI_ISL_517791|2020-06-12|NorthAmerica,B.1.306,0.0,0.9926503340757238,,,,PLEARN-v1.2.101,3.1.16,2021-11-25,v1.2.101,passed_qc,
hCoV-19/USA/FL-AFFD/2020|EPI_ISL_513281|2020-06-29|NorthAmerica,B.1,0.0,0.9926503340757238,,,,PLEARN-v1.2.101,3.1.16,2021-11-25,v1.2.101,passed_qc,
hCoV-19/USA/FL-QDX-3428/2020|EPI_ISL_876966|2020-06-27|NorthAmerica,B.1.369,0.0,0.9926503340757238,,,,PLEARN-v1.2.101,3.1.16,2021-11-25,v1.2.101,passed_qc,
hCoV-19/USA/FL-BPHL-0556/2020|EPI_ISL_508759|2020-06-30|NorthAmerica,B.1,0.0,0.9926503340757238,,,,PLEARN-v1.2.101,3.1.16,2021-11-25,v1.2.101,passed_qc,
hCoV-19/USA/FL-BPHL-2051/2020|EPI_ISL_653204|2020-06-29|NorthAmerica,B.1.437,0.0,0.9926503340757238,,,,PLEARN-v1.2.101,3.1.16,2021-11-25,v1.2.101,passed_qc,
hCoV-19/USA/FL-USAFSAM-S136/2020|EPI_ISL_812328|2020-06-09|NorthAmerica,B.1,0.0,0.9819941480981319,,,,PLEARN-v1.2.101,3.1.16,2021-11-25,v1.2.101,passed_qc,
hCoV-19/USA/FL-UF-37/2020|EPI_ISL_681322|2020-06-30|NorthAmerica,B.1.369,0.0,0.9926503340757238,,,,PLEARN-v1.2.101,3.1.16,2021-11-25,v1.2.101,passed_qc,
hCoV-19/USA/FL-BPHL-0507/2020|EPI_ISL_508710|2020-06-10|NorthAmerica,B.1,0.0,0.9571132118976251,,,,PLEARN-v1.2.101,3.1.16,2021-11-25,v1.2.101,passed_qc,
hCoV-19/USA/FL-BPHL-0304/2020|EPI_ISL_489713|2020-06-01|NorthAmerica,B.1.1.285,0.0,0.976233589859665,,,,PLEARN-v1.2.101,3.1.16,2021-11-25,v1.2.101,passed_qc,
hCoV-19/USA/FL-BPHL-0905/2020|EPI_ISL_517795|2020-06-23|NorthAmerica,B.1.1.285,0.0,0.9926503340757238,,,,PLEARN-v1.2.101,3.1.16,2021-11-25,v1.2.101,passed_qc,
hCoV-19/USA/FL-BPHL-0530/2020|EPI_ISL_508733|2020-06-19|NorthAmerica,B.1.509,0.0,0.9926503340757238,,,,PLEARN-v1.2.101,3.1.16,2021-11-25,v1.2.101,passed_qc,
hCoV-19/USA/FL-ACYH/2020|EPI_ISL_513270|2020-06-26|NorthAmerica,B.1.582,0.0,0.9926503340757238,,,,PLEARN-v1.2.101,3.1.16,2021-11-25,v1.2.101,passed_qc,
hCoV-19/USA/FL-BPHL-0749/2020|EPI_ISL_512555|2020-06-22|NorthAmerica,B.1.1.225,0.0,0.9926503340757238,,,,PLEARN-v1.2.101,3.1.16,2021-11-25,v1.2.101,passed_qc,
hCoV-19/USA/FL-USAFSAM-S139/2020|EPI_ISL_812329|2020-06-08|NorthAmerica,B.1,0.0,0.9561504731133164,,,,PLEARN-v1.2.101,3.1.16,2021-11-25,v1.2.101,passed_qc,
hCoV-19/USA/FL-BPHL-2048/2020|EPI_ISL_653201|2020-06-24|NorthAmerica,B.1.325,0.0,0.9926503340757238,,,,PLEARN-v1.2.101,3.1.16,2021-11-25,v1.2.101,passed_qc,
hCoV-19/USA/FL-BPHL-0823/2020|EPI_ISL_514169|2020-06-12|NorthAmerica,B.1.306,0.0,0.9922014260249554,,,,PLEARN-v1.2.101,3.1.16,2021-11-25,v1.2.101,passed_qc,
hCoV-19/USA/FL-BPHL-0752/2020|EPI_ISL_512558|2020-06-23|NorthAmerica,B.1,0.0,0.9926503340757238,,,,PLEARN-v1.2.101,3.1.16,2021-11-25,v1.2.101,passed_qc,
hCoV-19/USA/FL-BPHL-0830/2020|EPI_ISL_514176|2020-06-19|NorthAmerica,B.1.509,0.0,0.9926503340757238,,,,PLEARN-v1.2.101,3.1.16,2021-11-25,v1.2.101,passed_qc,
hCoV-19/USA/FL-BPHL-1641/2020|EPI_ISL_594330|2020-06-29|NorthAmerica,B.1,0.0,0.9833670487750056,,,,PLEARN-v1.2.101,3.1.16,2021-11-25,v1.2.101,passed_qc,
hCoV-19/USA/FL-BPHL-2164/2020|EPI_ISL_653317|2020-06-12|NorthAmerica,B.1.1.77,0.0,0.9926503340757238,,,,PLEARN-v1.2.101,3.1.16,2021-11-25,v1.2.101,passed_qc,
hCoV-19/USA/FL-BPHL-0519/2020|EPI_ISL_508722|2020-06-16|NorthAmerica,B.1.1.180,0.0,0.9578341013824885,,,,PLEARN-v1.2.101,3.1.16,2021-11-25,v1.2.101,passed_qc,
hCoV-19/USA/FL-BPHL-0837/2020|EPI_ISL_514183|2020-06-19|NorthAmerica,B.1.509,0.0,0.9926503340757238,,,,PLEARN-v1.2.101,3.1.16,2021-11-25,v1.2.101,passed_qc,
hCoV-19/USA/FL-BPHL-0505/2020|EPI_ISL_508708|2020-06-10|NorthAmerica,B.1.306,0.0,0.9888218198077353,,,,PLEARN-v1.2.101,3.1.16,2021-11-25,v1.2.101,passed_qc,
hCoV-19/USA/FL-BPHL-0857/2020|EPI_ISL_514203|2020-06-28|NorthAmerica,B.1.1.225,0.0,0.9926503340757238,,,,PLEARN-v1.2.101,3.1.16,2021-11-25,v1.2.101,passed_qc,
hCoV-19/USA/FL-BPHL-0557/2020|EPI_ISL_508760|2020-06-30|NorthAmerica,B.1,0.0,0.9926503340757238,,,,PLEARN-v1.2.101,3.1.16,2021-11-25,v1.2.101,passed_qc,
hCoV-19/USA/FL-BPHL-0313/2020|EPI_ISL_489722|2020-06-02|NorthAmerica,N.1,0.0,0.9926503340757238,,,,PLEARN-v1.2.101,3.1.16,2021-11-25,v1.2.101,passed_qc,
hCoV-19/USA/FL-BPHL-0839/2020|EPI_ISL_514185|2020-06-20|NorthAmerica,B.1.1.180,0.0,0.9776220614828209,,,,PLEARN-v1.2.101,3.1.16,2021-11-25,v1.2.101,passed_qc,
hCoV-19/USA/FL-CDC-3811/2020|EPI_ISL_594465|2020-06-27|NorthAmerica,B.1.437,0.0,0.9917521176995095,,,,PLEARN-v1.2.101,3.1.16,2021-11-25,v1.2.101,passed_qc,
hCoV-19/USA/FL-BPHL-0553/2020|EPI_ISL_508756|2020-06-30|NorthAmerica,B.1.110.3,0.0,0.9926503340757238,,,,PLEARN-v1.2.101,3.1.16,2021-11-25,v1.2.101,passed_qc,
hCoV-19/USA/FL-ADPH/2020|EPI_ISL_513278|2020-06-28|NorthAmerica,B.1.306,0.0,0.9926503340757238,,,,PLEARN-v1.2.101,3.1.16,2021-11-25,v1.2.101,passed_qc,
hCoV-19/USA/FL-ABAN/2020|EPI_ISL_513268|2020-06-23|NorthAmerica,B.1.1.192,0.0,0.9926503340757238,,,,PLEARN-v1.2.101,3.1.16,2021-11-25,v1.2.101,passed_qc,
hCoV-19/USA/FL-BPHL-1089/2020|EPI_ISL_526575|2020-06-08|NorthAmerica,B.1.110.3,0.0,0.9926503340757238,,,,PLEARN-v1.2.101,3.1.16,2021-11-25,v1.2.101,passed_qc,
hCoV-19/USA/FL-BPHL-1626/2020|EPI_ISL_594316|2020-06-04|NorthAmerica,B.1.609,0.0,0.9926503340757238,,,,PLEARN-v1.2.101,3.1.16,2021-11-25,v1.2.101,passed_qc,
hCoV-19/USA/FL-BPHL-0300/2020|EPI_ISL_480951|2020-06-01|NorthAmerica,B.1,0.0,0.9894995531724754,,,,PLEARN-v1.2.101,3.1.16,2021-11-25,v1.2.101,passed_qc,
hCoV-19/USA/FL-BPHL-0757/2020|EPI_ISL_512563|2020-06-27|NorthAmerica,N.1,0.0,0.9926503340757238,,,,PLEARN-v1.2.101,3.1.16,2021-11-25,v1.2.101,passed_qc,
hCoV-19/USA/FL-BPHL-0832/2020|EPI_ISL_514178|2020-06-19|NorthAmerica,B.1.509,0.0,0.9926503340757238,,,,PLEARN-v1.2.101,3.1.16,2021-11-25,v1.2.101,passed_qc,
hCoV-19/USA/FL-BPHL-0534/2020|EPI_ISL_508737|2020-06-19|NorthAmerica,B.1.1.180,0.0,0.9926503340757238,,,,PLEARN-v1.2.101,3.1.16,2021-11-25,v1.2.101,passed_qc,
hCoV-19/USA/FL-BPHL-0828/2020|EPI_ISL_514174|2020-06-12|NorthAmerica,B.1.170,0.0,0.9876902417188899,,,,PLEARN-v1.2.101,3.1.16,2021-11-25,v1.2.101,passed_qc,
hCoV-19/USA/FL-ADA3/2020|EPI_ISL_513273|2020-06-26|NorthAmerica,B.1,0.0,0.9926503340757238,,,,PLEARN-v1.2.101,3.1.16,2021-11-25,v1.2.101,passed_qc,
hCoV-19/USA/FL-BPHL-0986/2020|EPI_ISL_517876|2020-06-08|NorthAmerica,B.1.437,0.0,0.9858744394618834,,,,PLEARN-v1.2.101,3.1.16,2021-11-25,v1.2.101,passed_qc,
hCoV-19/USA/FL-BPHL-1479/2020|EPI_ISL_549261|2020-06-26|NorthAmerica,B.1.1.192,0.0,0.9849640933572711,,,,PLEARN-v1.2.101,3.1.16,2021-11-25,v1.2.101,passed_qc,
hCoV-19/USA/FL-BPHL-1596/2020|EPI_ISL_594286|2020-06-05|NorthAmerica,B.1.437,0.0,0.9372650375939849,,,,PLEARN-v1.2.101,3.1.16,2021-11-25,v1.2.101,passed_qc,
hCoV-19/USA/FL-BPHL-0907/2020|EPI_ISL_517797|2020-06-29|NorthAmerica,B.1.1.244,0.0,0.9810768191034017,,,,PLEARN-v1.2.101,3.1.16,2021-11-25,v1.2.101,passed_qc,
hCoV-19/USA/FL-BPHL-1627/2020|EPI_ISL_594317|2020-06-08|NorthAmerica,B.1,0.0,0.9527668441768928,,,,PLEARN-v1.2.101,3.1.16,2021-11-25,v1.2.101,passed_qc,
hCoV-19/USA/FL-BPHL-0764/2020|EPI_ISL_512569|2020-06-28|NorthAmerica,B.1.595.1,0.0,0.9708759954493743,,,,PLEARN-v1.2.101,3.1.16,2021-11-25,v1.2.101,passed_qc,
hCoV-19/USA/FL-BPHL-0912/2020|EPI_ISL_517802|2020-06-30|NorthAmerica,B.1.320,0.0,0.9926503340757238,,,,PLEARN-v1.2.101,3.1.16,2021-11-25,v1.2.101,passed_qc,
hCoV-19/USA/FL-BPHL-0751/2020|EPI_ISL_512557|2020-06-23|NorthAmerica,B.1.1.180,0.0,0.9926503340757238,,,,PLEARN-v1.2.101,3.1.16,2021-11-25,v1.2.101,passed_qc,
hCoV-19/USA/FL-BPHL-2141/2020|EPI_ISL_653294|2020-06-30|NorthAmerica,B.1.595,0.0,0.9815356901598739,,,,PLEARN-v1.2.101,3.1.16,2021-11-25,v1.2.101,passed_qc,
hCoV-19/USA/FL-BPHL-1264/2020|EPI_ISL_541171|2020-06-04|NorthAmerica,N.1,0.0,0.9790067720090293,,,,PLEARN-v1.2.101,3.1.16,2021-11-25,v1.2.101,passed_qc,
hCoV-19/USA/FL-BPHL-0838/2020|EPI_ISL_514184|2020-06-20|NorthAmerica,B.1.1.180,0.0,0.9842802604985403,,,,PLEARN-v1.2.101,3.1.16,2021-11-25,v1.2.101,passed_qc,
hCoV-19/USA/FL-BPHL-0908/2020|EPI_ISL_517798|2020-06-30|NorthAmerica,B.1.1.244,0.0,0.9874636221177524,,,,PLEARN-v1.2.101,3.1.16,2021-11-25,v1.2.101,passed_qc,
hCoV-19/USA/FL-BPHL-2063/2020|EPI_ISL_653216|2020-06-22|NorthAmerica,B.1.595.1,0.0,0.9861017709033849,,,,PLEARN-v1.2.101,3.1.16,2021-11-25,v1.2.101,passed_qc,
hCoV-19/USA/FL-AD68/2020|EPI_ISL_513271|2020-06-26|NorthAmerica,B.1,0.0,0.9926503340757238,,,,PLEARN-v1.2.101,3.1.16,2021-11-25,v1.2.101,passed_qc,
hCoV-19/USA/FL-BPHL-0529/2020|EPI_ISL_508732|2020-06-19|NorthAmerica,B.1,0.0,0.9926503340757238,,,,PLEARN-v1.2.101,3.1.16,2021-11-25,v1.2.101,passed_qc,
hCoV-19/USA/FL-06-UMTL-A388/2020|EPI_ISL_479765|2020-06-09|NorthAmerica,B.1,0.0,0.9926503340757238,,,,PLEARN-v1.2.101,3.1.16,2021-11-25,v1.2.101,passed_qc,
hCoV-19/USA/FL-BPHL-0508/2020|EPI_ISL_508711|2020-06-10|NorthAmerica,B.1,0.0,0.9926503340757238,,,,PLEARN-v1.2.101,3.1.16,2021-11-25,v1.2.101,passed_qc,
hCoV-19/USA/FL-BPHL-0753/2020|EPI_ISL_512559|2020-06-22|NorthAmerica,B.1,0.0,0.9926503340757238,,,,PLEARN-v1.2.101,3.1.16,2021-11-25,v1.2.101,passed_qc,
hCoV-19/USA/FL-BPHL-2052/2020|EPI_ISL_653205|2020-06-27|NorthAmerica,B.1.369,0.0,0.9659350708733425,,,,PLEARN-v1.2.101,3.1.16,2021-11-25,v1.2.101,passed_qc,
hCoV-19/USA/FL-BPHL-1483/2020|EPI_ISL_549265|2020-06-28|NorthAmerica,B.1,0.0,0.9926503340757238,,,,PLEARN-v1.2.101,3.1.16,2021-11-25,v1.2.101,passed_qc,
hCoV-19/USA/FL-BPHL-1482/2020|EPI_ISL_549264|2020-06-27|NorthAmerica,A.1,0.0,0.9885957066189625,,,,PLEARN-v1.2.101,3.1.16,2021-11-25,v1.2.101,passed_qc,
hCoV-19/USA/FL-BPHL-0772/2020|EPI_ISL_512677|2020-06-29|NorthAmerica,B.1.1.180,0.0,0.9299739768157085,,,,PLEARN-v1.2.101,3.1.16,2021-11-25,v1.2.101,passed_qc,
hCoV-19/USA/FL-BPHL-2144/2020|EPI_ISL_653297|2020-06-30|NorthAmerica,B.1,0.0,0.9926503340757238,,,,PLEARN-v1.2.101,3.1.16,2021-11-25,v1.2.101,passed_qc,
hCoV-19/USA/FL-BPHL-0848/2020|EPI_ISL_514194|2020-06-23|NorthAmerica,B.1.1.180,0.0,0.9861017709033849,,,,PLEARN-v1.2.101,3.1.16,2021-11-25,v1.2.101,passed_qc,
hCoV-19/USA/FL-BPHL-0842/2020|EPI_ISL_514188|2020-06-22|NorthAmerica,B.1.318,0.0,0.9926503340757238,,,,PLEARN-v1.2.101,3.1.16,2021-11-25,v1.2.101,passed_qc,
hCoV-19/USA/FL-BPHL-0512/2020|EPI_ISL_508715|2020-06-10|NorthAmerica,B.1,0.0,0.9233515829564389,,,,PLEARN-v1.2.101,3.1.16,2021-11-25,v1.2.101,passed_qc,
hCoV-19/USA/FL-BPHL-0510/2020|EPI_ISL_508713|2020-06-10|NorthAmerica,B.1.437,0.0,0.9917521176995095,,,,PLEARN-v1.2.101,3.1.16,2021-11-25,v1.2.101,passed_qc,
hCoV-19/USA/FL-ADPJ/2020|EPI_ISL_513279|2020-06-28|NorthAmerica,B.1.1.192,0.0,0.9926503340757238,,,,PLEARN-v1.2.101,3.1.16,2021-11-25,v1.2.101,passed_qc,
hCoV-19/USA/FL-AB4M/2020|EPI_ISL_513267|2020-06-23|NorthAmerica,B.1.1.192,0.0,0.9926503340757238,,,,PLEARN-v1.2.101,3.1.16,2021-11-25,v1.2.101,passed_qc,
hCoV-19/USA/FL-BPHL-1306/2020|EPI_ISL_541244|2020-06-23|NorthAmerica,B.1.305,0.0,0.9910774035244256,,,,PLEARN-v1.2.101,3.1.16,2021-11-25,v1.2.101,passed_qc,
hCoV-19/USA/FL-BPHL-0311/2020|EPI_ISL_489720|2020-06-02|NorthAmerica,B.1.170,0.0,0.9926503340757238,,,,PLEARN-v1.2.101,3.1.16,2021-11-25,v1.2.101,passed_qc,
hCoV-19/USA/FL-BPHL-0854/2020|EPI_ISL_514200|2020-06-29|NorthAmerica,B.1.369,0.0,0.9861017709033849,,,,PLEARN-v1.2.101,3.1.16,2021-11-25,v1.2.101,passed_qc,
hCoV-19/USA/FL-BPHL-0913/2020|EPI_ISL_517803|2020-06-30|NorthAmerica,B.1,0.0,0.9926503340757238,,,,PLEARN-v1.2.101,3.1.16,2021-11-25,v1.2.101,passed_qc,
hCoV-19/USA/FL-AF28/2020|EPI_ISL_513280|2020-06-28|NorthAmerica,B.1,0.0,0.9926503340757238,,,,PLEARN-v1.2.101,3.1.16,2021-11-25,v1.2.101,passed_qc,
hCoV-19/USA/FL-BPHL-0743/2020|EPI_ISL_512549|2020-06-19|NorthAmerica,B.1.509,0.0,0.9926503340757238,,,,PLEARN-v1.2.101,3.1.16,2021-11-25,v1.2.101,passed_qc,
hCoV-19/USA/FL-BPHL-1629/2020|EPI_ISL_594319|2020-06-18|NorthAmerica,B.1,0.0,0.9626146788990826,,,,PLEARN-v1.2.101,3.1.16,2021-11-25,v1.2.101,passed_qc,
hCoV-19/USA/FL-BPHL-2012/2020|EPI_ISL_653165|2020-06-19|NorthAmerica,B.1.595.1,0.0,0.9926503340757238,,,,PLEARN-v1.2.101,3.1.16,2021-11-25,v1.2.101,passed_qc,
hCoV-19/USA/FL-BPHL-0513/2020|EPI_ISL_508716|2020-06-12|NorthAmerica,B.1.1.180,0.0,0.9926503340757238,,,,PLEARN-v1.2.101,3.1.16,2021-11-25,v1.2.101,passed_qc,
hCoV-19/USA/FL-BPHL-0765/2020|EPI_ISL_512570|2020-06-28|NorthAmerica,B.1.1.225,0.0,0.9926503340757238,,,,PLEARN-v1.2.101,3.1.16,2021-11-25,v1.2.101,passed_qc,
hCoV-19/USA/FL-QDX-3427/2020|EPI_ISL_876824|2020-06-30|NorthAmerica,B.1.609,0.0,0.9910774035244256,,,,PLEARN-v1.2.101,3.1.16,2021-11-25,v1.2.101,passed_qc,
hCoV-19/USA/FL-BPHL-0856/2020|EPI_ISL_514202|2020-06-28|NorthAmerica,B.1.1.225,0.0,0.9926503340757238,,,,PLEARN-v1.2.101,3.1.16,2021-11-25,v1.2.101,passed_qc,
hCoV-19/USA/FL-BPHL-0748/2020|EPI_ISL_512554|2020-06-22|NorthAmerica,B.1.595.1,0.0,0.9897252624525352,,,,PLEARN-v1.2.101,3.1.16,2021-11-25,v1.2.101,passed_qc,
hCoV-19/USA/FL-BPHL-2060/2020|EPI_ISL_653213|2020-06-08|NorthAmerica,B.1,0.0,0.9675873088335997,,,,PLEARN-v1.2.101,3.1.16,2021-11-25,v1.2.101,passed_qc,
hCoV-19/USA/FL-BPHL-1623/2020|EPI_ISL_594313|2020-06-03|NorthAmerica,B.1.306,0.0,0.9904017857142857,,,,PLEARN-v1.2.101,3.1.16,2021-11-25,v1.2.101,passed_qc,
hCoV-19/USA/FL-BPHL-1240/2020|EPI_ISL_541163|2020-06-01|NorthAmerica,B.1,0.0,0.956391324411629,,,,PLEARN-v1.2.101,3.1.16,2021-11-25,v1.2.101,passed_qc,
hCoV-19/USA/FL-BPHL-1628/2020|EPI_ISL_594318|2020-06-12|NorthAmerica,B.1.293,0.0,0.9493612078977932,,,,PLEARN-v1.2.101,3.1.16,2021-11-25,v1.2.101,passed_qc,
hCoV-19/USA/FL-BPHL-0834/2020|EPI_ISL_514180|2020-06-20|NorthAmerica,B.1.509,0.0,0.9910774035244256,,,,PLEARN-v1.2.101,3.1.16,2021-11-25,v1.2.101,passed_qc,
hCoV-19/USA/FL-BPHL-0307/2020|EPI_ISL_489716|2020-06-01|NorthAmerica,B.1,0.0,0.9926503340757238,,,,PLEARN-v1.2.101,3.1.16,2021-11-25,v1.2.101,passed_qc,
hCoV-19/USA/FL-BPHL-0824/2020|EPI_ISL_514170|2020-06-12|NorthAmerica,B.1,0.0,0.9680584074834588,,,,PLEARN-v1.2.101,3.1.16,2021-11-25,v1.2.101,passed_qc,
hCoV-19/USA/FL-BPHL-2203/2020|EPI_ISL_666825|2020-06-17|NorthAmerica,B.1.170,0.0,0.9917521176995095,,,,PLEARN-v1.2.101,3.1.16,2021-11-25,v1.2.101,passed_qc,
hCoV-19/USA/FL-BPHL-0833/2020|EPI_ISL_514179|2020-06-19|NorthAmerica,B.1.509,0.0,0.9861017709033849,,,,PLEARN-v1.2.101,3.1.16,2021-11-25,v1.2.101,passed_qc,
hCoV-19/USA/FL-BPHL-0315/2020|EPI_ISL_489724|2020-06-02|NorthAmerica,B.1.170,0.0,0.9926503340757238,,,,PLEARN-v1.2.101,3.1.16,2021-11-25,v1.2.101,passed_qc,
hCoV-19/USA/FL-BPHL-0911/2020|EPI_ISL_517801|2020-06-30|NorthAmerica,B.1.1.180,0.0,0.9926503340757238,,,,PLEARN-v1.2.101,3.1.16,2021-11-25,v1.2.101,passed_qc,
hCoV-19/USA/FL-BPHL-2050/2020|EPI_ISL_653203|2020-06-29|NorthAmerica,B.1.437,0.0,0.9926503340757238,,,,PLEARN-v1.2.101,3.1.16,2021-11-25,v1.2.101,passed_qc,
hCoV-19/USA/FL-BPHL-0906/2020|EPI_ISL_517796|2020-06-29|NorthAmerica,B.1.1.482,0.0,0.9718117754035008,,,,PLEARN-v1.2.101,3.1.16,2021-11-25,v1.2.101,passed_qc,
hCoV-19/USA/FL-BPHL-2008/2020|EPI_ISL_653161|2020-06-10|NorthAmerica,B.1.110.3,0.0,0.967351598173516,,,,PLEARN-v1.2.101,3.1.16,2021-11-25,v1.2.101,passed_qc,
hCoV-19/USA/FL-BPHL-1642/2020|EPI_ISL_594331|2020-06-30|NorthAmerica,B.1.293,0.0,0.9764652636343064,,,,PLEARN-v1.2.101,3.1.16,2021-11-25,v1.2.101,passed_qc,
hCoV-19/USA/FL-BPHL-1055/2020|EPI_ISL_517945|2020-06-03|NorthAmerica,B.1,0.0,0.9874636221177524,,,,PLEARN-v1.2.101,3.1.16,2021-11-25,v1.2.101,passed_qc,
hCoV-19/USA/FL-BPHL-0758/2020|EPI_ISL_512564|2020-06-27|NorthAmerica,B.1.280,0.0,0.9883694922836055,,,,PLEARN-v1.2.101,3.1.16,2021-11-25,v1.2.101,passed_qc,
hCoV-19/USA/FL-BPHL-2064/2020|EPI_ISL_653217|2020-06-22|NorthAmerica,B.1.595.1,0.0,0.9926503340757238,,,,PLEARN-v1.2.101,3.1.16,2021-11-25,v1.2.101,passed_qc,
hCoV-19/USA/FL-BPHL-0910/2020|EPI_ISL_517800|2020-06-30|NorthAmerica,B.1.509,0.0,0.9924259300512364,,,,PLEARN-v1.2.101,3.1.16,2021-11-25,v1.2.101,passed_qc,
hCoV-19/USA/FL-BPHL-0768/2020|EPI_ISL_512573|2020-06-30|NorthAmerica,B.1.509,0.0,0.9926503340757238,,,,PLEARN-v1.2.101,3.1.16,2021-11-25,v1.2.101,passed_qc,
hCoV-19/USA/FL-BPHL-0501/2020|EPI_ISL_495407|2020-06-02|NorthAmerica,B.1.293,0.0,0.9926503340757238,,,,PLEARN-v1.2.101,3.1.16,2021-11-25,v1.2.101,passed_qc,
hCoV-19/USA/FL-BPHL-0817/2020|EPI_ISL_514163|2020-06-10|NorthAmerica,B.1.306,0.0,0.9926503340757238,,,,PLEARN-v1.2.101,3.1.16,2021-11-25,v1.2.101,passed_qc,
hCoV-19/USA/FL-BPHL-0762/2020|EPI_ISL_512567|2020-06-28|NorthAmerica,B.1.1.225,0.0,0.9926503340757238,,,,PLEARN-v1.2.101,3.1.16,2021-11-25,v1.2.101,passed_qc,
hCoV-19/USA/FL-BPHL-1486/2020|EPI_ISL_549268|2020-06-29|NorthAmerica,B.1,0.0,0.9926503340757238,,,,PLEARN-v1.2.101,3.1.16,2021-11-25,v1.2.101,passed_qc,
hCoV-19/USA/FL-BPHL-0988/2020|EPI_ISL_517878|2020-06-11|NorthAmerica,B.1.1.244,0.0,0.9917521176995095,,,,PLEARN-v1.2.101,3.1.16,2021-11-25,v1.2.101,passed_qc,
hCoV-19/USA/FL-BPHL-2142/2020|EPI_ISL_653295|2020-06-30|NorthAmerica,B.1.595,0.0,0.9926503340757238,,,,PLEARN-v1.2.101,3.1.16,2021-11-25,v1.2.101,passed_qc,
hCoV-19/USA/FL-BPHL-0317/2020|EPI_ISL_489726|2020-06-02|NorthAmerica,B.1,0.0,0.9549445471349353,,,,PLEARN-v1.2.101,3.1.16,2021-11-25,v1.2.101,passed_qc,
hCoV-19/USA/FL-A9GT/2020|EPI_ISL_513266|2020-06-20|NorthAmerica,B.1.1.192,0.0,0.9913024085637824,,,,PLEARN-v1.2.101,3.1.16,2021-11-25,v1.2.101,passed_qc,
hCoV-19/USA/FL-BPHL-1056/2020|EPI_ISL_517946|2020-06-04|NorthAmerica,B.1,0.0,0.9874636221177524,,,,PLEARN-v1.2.101,3.1.16,2021-11-25,v1.2.101,passed_qc,
hCoV-19/USA/FL-BPHL-0836/2020|EPI_ISL_514182|2020-06-19|NorthAmerica,B.1.1.180,0.0,0.98268106162843,,,,PLEARN-v1.2.101,3.1.16,2021-11-25,v1.2.101,passed_qc,
hCoV-19/USA/FL-BPHL-0518/2020|EPI_ISL_508721|2020-06-15|NorthAmerica,N.1,0.0,0.9926503340757238,,,,PLEARN-v1.2.101,3.1.16,2021-11-25,v1.2.101,passed_qc,
hCoV-19/USA/FL-BPHL-0770/2020|EPI_ISL_512575|2020-06-29|NorthAmerica,B.1.1.180,0.0,0.9926503340757238,,,,PLEARN-v1.2.101,3.1.16,2021-11-25,v1.2.101,passed_qc,
hCoV-19/USA/FL-BPHL-0904/2020|EPI_ISL_517794|2020-06-23|NorthAmerica,B.1,0.0,0.9926503340757238,,,,PLEARN-v1.2.101,3.1.16,2021-11-25,v1.2.101,passed_qc,
hCoV-19/USA/FL-BPHL-0902/2020|EPI_ISL_517792|2020-06-23|NorthAmerica,B.1,0.0,0.9926503340757238,,,,PLEARN-v1.2.101,3.1.16,2021-11-25,v1.2.101,passed_qc,
hCoV-19/USA/FL-BPHL-0755/2020|EPI_ISL_512561|2020-06-23|NorthAmerica,B.1.1.225,0.0,0.9926503340757238,,,,PLEARN-v1.2.101,3.1.16,2021-11-25,v1.2.101,passed_qc,
hCoV-19/USA/FL-BPHL-1476/2020|EPI_ISL_549258|2020-06-25|NorthAmerica,B.1.293,0.0,0.9926503340757238,,,,PLEARN-v1.2.101,3.1.16,2021-11-25,v1.2.101,passed_qc,
hCoV-19/USA/FL-BPHL-1481/2020|EPI_ISL_549263|2020-06-27|NorthAmerica,B.1,0.0,0.9527668441768928,,,,PLEARN-v1.2.101,3.1.16,2021-11-25,v1.2.101,passed_qc,
hCoV-19/USA/FL-BPHL-2065/2020|EPI_ISL_653218|2020-06-24|NorthAmerica,B.1.437,0.0,0.9926503340757238,,,,PLEARN-v1.2.101,3.1.16,2021-11-25,v1.2.101,passed_qc,
hCoV-19/USA/FL-BPHL-0314/2020|EPI_ISL_489723|2020-06-02|NorthAmerica,B.1.170,0.0,0.9926503340757238,,,,PLEARN-v1.2.101,3.1.16,2021-11-25,v1.2.101,passed_qc,
hCoV-19/USA/FL-BPHL-2145/2020|EPI_ISL_653298|2020-06-30|NorthAmerica,B.1.1,0.0,0.932247403210576,,,,PLEARN-v1.2.101,3.1.16,2021-11-25,v1.2.101,passed_qc,
hCoV-19/USA/FL-BPHL-0316/2020|EPI_ISL_489725|2020-06-03|NorthAmerica,B.1,0.0,0.9456876456876457,,,,PLEARN-v1.2.101,3.1.16,2021-11-25,v1.2.101,passed_qc,
hCoV-19/USA/FL-BPHL-1054/2020|EPI_ISL_517944|2020-06-04|NorthAmerica,B.1.110.3,0.0,0.9926503340757238,,,,PLEARN-v1.2.101,3.1.16,2021-11-25,v1.2.101,passed_qc,
hCoV-19/USA/FL-BPHL-1237/2020|EPI_ISL_541160|2020-06-01|NorthAmerica,B.1,0.0,0.9861017709033849,,,,PLEARN-v1.2.101,3.1.16,2021-11-25,v1.2.101,passed_qc,
hCoV-19/USA/FL-ADNR/2020|EPI_ISL_513277|2020-06-26|NorthAmerica,B.1.1.192,0.0,0.9926503340757238,,,,PLEARN-v1.2.101,3.1.16,2021-11-25,v1.2.101,passed_qc,
hCoV-19/USA/FL-AFFG/2020|EPI_ISL_513282|2020-06-29|NorthAmerica,B.1,0.0,0.9926503340757238,,,,PLEARN-v1.2.101,3.1.16,2021-11-25,v1.2.101,passed_qc,
hCoV-19/USA/FL-BPHL-0862/2020|EPI_ISL_514208|2020-06-29|NorthAmerica,B.1,0.0,0.98268106162843,,,,PLEARN-v1.2.101,3.1.16,2021-11-25,v1.2.101,passed_qc,
hCoV-19/USA/FL-BPHL-0841/2020|EPI_ISL_514187|2020-06-20|NorthAmerica,B.1.320,0.0,0.9926503340757238,,,,PLEARN-v1.2.101,3.1.16,2021-11-25,v1.2.101,passed_qc,
hCoV-19/USA/FL-BPHL-0759/2020|EPI_ISL_512565|2020-06-27|NorthAmerica,B.1.1.225,0.0,0.9926503340757238,,,,PLEARN-v1.2.101,3.1.16,2021-11-25,v1.2.101,passed_qc,
hCoV-19/USA/FL-BPHL-0763/2020|EPI_ISL_512568|2020-06-28|NorthAmerica,B.1.280,0.0,0.9926503340757238,,,,PLEARN-v1.2.101,3.1.16,2021-11-25,v1.2.101,passed_qc,
hCoV-19/USA/FL-ADA1/2020|EPI_ISL_513272|2020-06-26|NorthAmerica,B.1.293,0.0,0.9926503340757238,,,,PLEARN-v1.2.101,3.1.16,2021-11-25,v1.2.101,passed_qc,
hCoV-19/USA/FL-BPHL-0741/2020|EPI_ISL_512547|2020-06-20|NorthAmerica,B.1.509,0.0,0.9926503340757238,,,,PLEARN-v1.2.101,3.1.16,2021-11-25,v1.2.101,passed_qc,
hCoV-19/USA/FL-BPHL-1624/2020|EPI_ISL_594314|2020-06-04|NorthAmerica,B.1,0.0,0.9924259300512364,,,,PLEARN-v1.2.101,3.1.16,2021-11-25,v1.2.101,passed_qc,
hCoV-19/USA/FL-BPHL-0840/2020|EPI_ISL_514186|2020-06-20|NorthAmerica,B.1.1.180,0.0,0.9833670487750056,,,,PLEARN-v1.2.101,3.1.16,2021-11-25,v1.2.101,passed_qc,
hCoV-19/USA/FL-BPHL-2005/2020|EPI_ISL_653158|2020-06-04|NorthAmerica,B.1,0.0,0.9824521934758155,,,,PLEARN-v1.2.101,3.1.16,2021-11-25,v1.2.101,passed_qc,
hCoV-19/USA/FL-ACYG/2020|EPI_ISL_513269|2020-06-26|NorthAmerica,B.1.582,0.0,0.9926503340757238,,,,PLEARN-v1.2.101,3.1.16,2021-11-25,v1.2.101,passed_qc,
hCoV-19/USA/FL-BPHL-1266/2020|EPI_ISL_541173|2020-06-17|NorthAmerica,B.1.509,0.0,0.9854194706146254,,,,PLEARN-v1.2.101,3.1.16,2021-11-25,v1.2.101,passed_qc,
hCoV-19/USA/FL-BPHL-0306/2020|EPI_ISL_489715|2020-06-01|NorthAmerica,B.1,0.0,0.9429773311521383,,,,PLEARN-v1.2.101,3.1.16,2021-11-25,v1.2.101,passed_qc,
hCoV-19/USA/FL-BPHL-0309/2020|EPI_ISL_489718|2020-06-02|NorthAmerica,B.1,0.0,0.9926503340757238,,,,PLEARN-v1.2.101,3.1.16,2021-11-25,v1.2.101,passed_qc,
hCoV-19/USA/FL-BPHL-2073/2020|EPI_ISL_653226|2020-06-29|NorthAmerica,B.1.1.77,0.0,0.9926503340757238,,,,PLEARN-v1.2.101,3.1.16,2021-11-25,v1.2.101,passed_qc,
hCoV-19/USA/FL-BPHL-2053/2020|EPI_ISL_653206|2020-06-27|NorthAmerica,B.1.437,0.0,0.9926503340757238,,,,PLEARN-v1.2.101,3.1.16,2021-11-25,v1.2.101,passed_qc,
hCoV-19/USA/FL-BPHL-0531/2020|EPI_ISL_508734|2020-06-19|NorthAmerica,B.1.502,0.0,0.9926503340757238,,,,PLEARN-v1.2.101,3.1.16,2021-11-25,v1.2.101,passed_qc,
hCoV-19/USA/FL-BPHL-0750/2020|EPI_ISL_512556|2020-06-22|NorthAmerica,B.1.1.180,0.0,0.9926503340757238,,,,PLEARN-v1.2.101,3.1.16,2021-11-25,v1.2.101,passed_qc,
hCoV-19/USA/FL-BPHL-0504/2020|EPI_ISL_495410|2020-06-03|NorthAmerica,B.1.437,0.0,0.976233589859665,,,,PLEARN-v1.2.101,3.1.16,2021-11-25,v1.2.101,passed_qc,
hCoV-19/USA/FL-BPHL-2009/2020|EPI_ISL_653162|2020-06-12|NorthAmerica,B.1.1.77,0.0,0.9926503340757238,,,,PLEARN-v1.2.101,3.1.16,2021-11-25,v1.2.101,passed_qc,
hCoV-19/USA/FL-BPHL-0985/2020|EPI_ISL_517875|2020-06-08|NorthAmerica,B.1.1.180,0.0,0.9926503340757238,,,,PLEARN-v1.2.101,3.1.16,2021-11-25,v1.2.101,passed_qc,
hCoV-19/USA/FL-BPHL-0528/2020|EPI_ISL_508731|2020-06-19|NorthAmerica,B.1.509,0.0,0.9926503340757238,,,,PLEARN-v1.2.101,3.1.16,2021-11-25,v1.2.101,passed_qc,
hCoV-19/USA/FL-BPHL-0775/2020|EPI_ISL_512579|2020-06-29|NorthAmerica,B.1.306,0.0,0.9790067720090293,,,,PLEARN-v1.2.101,3.1.16,2021-11-25,v1.2.101,passed_qc,
hCoV-19/USA/FL-BPHL-0506/2020|EPI_ISL_508709|2020-06-10|NorthAmerica,B.1.1.244,0.0,0.9924259300512364,,,,PLEARN-v1.2.101,3.1.16,2021-11-25,v1.2.101,passed_qc,
hCoV-19/USA/FL-BPHL-0766/2020|EPI_ISL_512571|2020-06-28|NorthAmerica,B.1.1.225,0.0,0.9926503340757238,,,,PLEARN-v1.2.101,3.1.16,2021-11-25,v1.2.101,passed_qc,
hCoV-19/USA/FL-BPHL-0746/2020|EPI_ISL_512552|2020-06-20|NorthAmerica,B.1.595.1,0.0,0.9926503340757238,,,,PLEARN-v1.2.101,3.1.16,2021-11-25,v1.2.101,passed_qc,
hCoV-19/USA/FL-BPHL-1267/2020|EPI_ISL_541174|2020-06-17|NorthAmerica,B.1.306,0.0,0.989047831917747,,,,PLEARN-v1.2.101,3.1.16,2021-11-25,v1.2.101,passed_qc,
hCoV-19/USA/FL-BPHL-0989/2020|EPI_ISL_517879|2020-06-11|NorthAmerica,B.1.369,0.0,0.9913024085637824,,,,PLEARN-v1.2.101,3.1.16,2021-11-25,v1.2.101,passed_qc,
hCoV-19/USA/FL-BPHL-1638/2020|EPI_ISL_594327|2020-06-29|NorthAmerica,B.1,0.0,0.9456876456876457,,,,PLEARN-v1.2.101,3.1.16,2021-11-25,v1.2.101,passed_qc,
hCoV-19/USA/FL-BPHL-0554/2020|EPI_ISL_508757|2020-06-30|NorthAmerica,B.1.110.3,0.0,0.9922014260249554,,,,PLEARN-v1.2.101,3.1.16,2021-11-25,v1.2.101,passed_qc,
hCoV-19/USA/FL-BPHL-0527/2020|EPI_ISL_508730|2020-06-19|NorthAmerica,N.1,0.0,0.9926503340757238,,,,PLEARN-v1.2.101,3.1.16,2021-11-25,v1.2.101,passed_qc,
hCoV-19/USA/FL-BPHL-0515/2020|EPI_ISL_508718|2020-06-12|NorthAmerica,B.1.1.180,0.0,0.9926503340757238,,,,PLEARN-v1.2.101,3.1.16,2021-11-25,v1.2.101,passed_qc,
hCoV-19/USA/FL-BPHL-0521/2020|EPI_ISL_508724|2020-06-18|NorthAmerica,B.1.1,0.0,0.9926503340757238,,,,PLEARN-v1.2.101,3.1.16,2021-11-25,v1.2.101,passed_qc,
hCoV-19/USA/FL-AH8N/2020|EPI_ISL_513286|2020-06-30|NorthAmerica,B.1.1.192,0.0,0.9926503340757238,,,,PLEARN-v1.2.101,3.1.16,2021-11-25,v1.2.101,passed_qc,
hCoV-19/USA/FL-BPHL-0761/2020|EPI_ISL_512566|2020-06-28|NorthAmerica,B.1.1.225,0.0,0.9926503340757238,,,,PLEARN-v1.2.101,3.1.16,2021-11-25,v1.2.101,passed_qc,
hCoV-19/USA/FL-ADNQ/2020|EPI_ISL_513276|2020-06-27|NorthAmerica,B.1.1.192,0.0,0.9926503340757238,,,,PLEARN-v1.2.101,3.1.16,2021-11-25,v1.2.101,passed_qc,
hCoV-19/USA/FL-BPHL-0500/2020|EPI_ISL_495406|2020-06-03|NorthAmerica,B.1,0.0,0.9926503340757238,,,,PLEARN-v1.2.101,3.1.16,2021-11-25,v1.2.101,passed_qc,
hCoV-19/USA/FL-AFFK/2020|EPI_ISL_513283|2020-06-29|NorthAmerica,B.1.595,0.0,0.9926503340757238,,,,PLEARN-v1.2.101,3.1.16,2021-11-25,v1.2.101,passed_qc,
hCoV-19/USA/FL-BPHL-0816/2020|EPI_ISL_514162|2020-06-08|NorthAmerica,B.1.1.304,0.0,0.9926503340757238,,,,PLEARN-v1.2.101,3.1.16,2021-11-25,v1.2.101,passed_qc,
hCoV-19/USA/FL-BPHL-0744/2020|EPI_ISL_512550|2020-06-19|NorthAmerica,B.1.509,0.0,0.9917521176995095,,,,PLEARN-v1.2.101,3.1.16,2021-11-25,v1.2.101,passed_qc,
hCoV-19/USA/FL-BPHL-1630/2020|EPI_ISL_594320|2020-06-29|NorthAmerica,B.1.306,0.0,0.9753058450385138,,,,PLEARN-v1.2.101,3.1.16,2021-11-25,v1.2.101,passed_qc,
hCoV-19/USA/FL-BPHL-2161/2020|EPI_ISL_653314|2020-06-09|NorthAmerica,B.1.1.77,0.0,0.9829098268495615,,,,PLEARN-v1.2.101,3.1.16,2021-11-25,v1.2.101,passed_qc,
hCoV-19/USA/FL-BPHL-0984/2020|EPI_ISL_517874|2020-06-08|NorthAmerica,B.1,0.0,0.9652253488904141,,,,PLEARN-v1.2.101,3.1.16,2021-11-25,v1.2.101,passed_qc,
hCoV-19/USA/FL-BPHL-0855/2020|EPI_ISL_514201|2020-06-27|NorthAmerica,B.1,0.0,0.9910774035244256,,,,PLEARN-v1.2.101,3.1.16,2021-11-25,v1.2.101,passed_qc,
hCoV-19/USA/FL-ADNH/2020|EPI_ISL_513274|2020-06-25|NorthAmerica,B.1,0.0,0.99197682193002,,,,PLEARN-v1.2.101,3.1.16,2021-11-25,v1.2.101,passed_qc,
hCoV-19/USA/FL-BPHL-1308/2020|EPI_ISL_541246|2020-06-23|NorthAmerica,B.1.305,0.0,0.9913024085637824,,,,PLEARN-v1.2.101,3.1.16,2021-11-25,v1.2.101,passed_qc,
hCoV-19/USA/FL-BPHL-0509/2020|EPI_ISL_508712|2020-06-10|NorthAmerica,B.1,0.0,0.9915273132664437,,,,PLEARN-v1.2.101,3.1.16,2021-11-25,v1.2.101,passed_qc,
hCoV-19/USA/FL-BPHL-0822/2020|EPI_ISL_514168|2020-06-12|NorthAmerica,B.1,0.0,0.9926503340757238,,,,PLEARN-v1.2.101,3.1.16,2021-11-25,v1.2.101,passed_qc,
hCoV-19/USA/FL-ADNP/2020|EPI_ISL_513275|2020-06-26|NorthAmerica,B.1,0.0,0.9926503340757238,,,,PLEARN-v1.2.101,3.1.16,2021-11-25,v1.2.101,passed_qc,
hCoV-19/USA/FL-BPHL-0861/2020|EPI_ISL_514207|2020-06-29|NorthAmerica,B.1,0.0,0.9926503340757238,,,,PLEARN-v1.2.101,3.1.16,2021-11-25,v1.2.101,passed_qc,
hCoV-19/USA/FL-BPHL-1480/2020|EPI_ISL_549262|2020-06-27|NorthAmerica,B.1.509,0.0,0.9926503340757238,,,,PLEARN-v1.2.101,3.1.16,2021-11-25,v1.2.101,passed_qc,
hCoV-19/USA/FL-BPHL-1484/2020|EPI_ISL_549266|2020-06-28|NorthAmerica,B.1,0.0,0.9926503340757238,,,,PLEARN-v1.2.101,3.1.16,2021-11-25,v1.2.101,passed_qc,
hCoV-19/USA/FL-BPHL-0858/2020|EPI_ISL_514204|2020-06-29|NorthAmerica,B.1.509,0.0,0.9926503340757238,,,,PLEARN-v1.2.101,3.1.16,2021-11-25,v1.2.101,passed_qc,
hCoV-19/USA/FL-BPHL-1057/2020|EPI_ISL_517947|2020-06-04|NorthAmerica,N.1,0.0,0.9874636221177524,,,,PLEARN-v1.2.101,3.1.16,2021-11-25,v1.2.101,passed_qc,
hCoV-19/USA/FL-BPHL-1477/2020|EPI_ISL_549259|2020-06-25|NorthAmerica,B.1,0.0,0.9926503340757238,,,,PLEARN-v1.2.101,3.1.16,2021-11-25,v1.2.101,passed_qc,
hCoV-19/USA/FL-BPHL-0532/2020|EPI_ISL_508735|2020-06-19|NorthAmerica,B.1.1.180,0.0,0.9926503340757238,,,,PLEARN-v1.2.101,3.1.16,2021-11-25,v1.2.101,passed_qc,
hCoV-19/USA/FL-BPHL-2011/2020|EPI_ISL_653164|2020-06-12|NorthAmerica,B.1.1.77,0.0,0.9926503340757238,,,,PLEARN-v1.2.101,3.1.16,2021-11-25,v1.2.101,passed_qc,
hCoV-19/USA/FL-BPHL-0987/2020|EPI_ISL_517877|2020-06-11|NorthAmerica,B.1,0.0,0.99017637865595,,,,PLEARN-v1.2.101,3.1.16,2021-11-25,v1.2.101,passed_qc,
hCoV-19/USA/FL-BPHL-2096/2020|EPI_ISL_653249|2020-06-04|NorthAmerica,B.1.110.3,0.0,0.9872369010300045,,,,PLEARN-v1.2.101,3.1.16,2021-11-25,v1.2.101,passed_qc,
hCoV-19/USA/FL-BPHL-0909/2020|EPI_ISL_517799|2020-06-30|NorthAmerica,N.1,0.0,0.957593915648767,,,,PLEARN-v1.2.101,3.1.16,2021-11-25,v1.2.101,passed_qc,
hCoV-19/USA/FL-BPHL-0308/2020|EPI_ISL_489717|2020-06-02|NorthAmerica,B.1,0.0,0.9926503340757238,,,,PLEARN-v1.2.101,3.1.16,2021-11-25,v1.2.101,passed_qc,
hCoV-19/USA/FL-BPHL-0516/2020|EPI_ISL_508719|2020-06-15|NorthAmerica,B.1,0.0,0.9926503340757238,,,,PLEARN-v1.2.101,3.1.16,2021-11-25,v1.2.101,passed_qc,
hCoV-19/USA/FL-BPHL-2143/2020|EPI_ISL_653296|2020-06-30|NorthAmerica,B.1.595,0.0,0.9874636221177524,,,,PLEARN-v1.2.101,3.1.16,2021-11-25,v1.2.101,passed_qc,
hCoV-19/USA/FL-BPHL-2054/2020|EPI_ISL_653207|2020-06-28|NorthAmerica,B.1.595.1,0.0,0.9926503340757238,,,,PLEARN-v1.2.101,3.1.16,2021-11-25,v1.2.101,passed_qc,
hCoV-19/USA/FL-BPHL-0756/2020|EPI_ISL_512562|2020-06-27|NorthAmerica,B.1.509,0.0,0.9926503340757238,,,,PLEARN-v1.2.101,3.1.16,2021-11-25,v1.2.101,passed_qc,
hCoV-19/USA/FL-BPHL-1265/2020|EPI_ISL_541172|2020-06-08|NorthAmerica,B.1,0.0,0.9682937956204379,,,,PLEARN-v1.2.101,3.1.16,2021-11-25,v1.2.101,passed_qc,
hCoV-19/USA/FL-BPHL-2199/2020|EPI_ISL_666821|2020-06-04|NorthAmerica,B.1.110.3,0.0,0.9776220614828209,,,,PLEARN-v1.2.101,3.1.16,2021-11-25,v1.2.101,passed_qc,
hCoV-19/USA/FL-BPHL-0754/2020|EPI_ISL_512560|2020-06-23|NorthAmerica,B.1.509,0.0,0.9926503340757238,,,,PLEARN-v1.2.101,3.1.16,2021-11-25,v1.2.101,passed_qc,
hCoV-19/USA/FL-BPHL-0524/2020|EPI_ISL_508727|2020-06-19|NorthAmerica,B.1.595.1,0.0,0.9926503340757238,,,,PLEARN-v1.2.101,3.1.16,2021-11-25,v1.2.101,passed_qc,
hCoV-19/USA/FL-BPHL-0742/2020|EPI_ISL_512548|2020-06-19|NorthAmerica,B.1,0.0,0.9831384892086331,,,,PLEARN-v1.2.101,3.1.16,2021-11-25,v1.2.101,passed_qc,
hCoV-19/USA/FL-BPHL-0745/2020|EPI_ISL_512551|2020-06-20|NorthAmerica,B.1.509,0.0,0.9813063063063063,,,,PLEARN-v1.2.101,3.1.16,2021-11-25,v1.2.101,passed_qc,
hCoV-19/USA/FL-BPHL-1241/2020|EPI_ISL_541164|2020-06-01|NorthAmerica,B.1,0.0,0.9926503340757238,,,,PLEARN-v1.2.101,3.1.16,2021-11-25,v1.2.101,passed_qc,
hCoV-19/USA/FL-BPHL-0825/2020|EPI_ISL_514171|2020-06-12|NorthAmerica,B.1.306,0.0,0.9910774035244256,,,,PLEARN-v1.2.101,3.1.16,2021-11-25,v1.2.101,passed_qc,
